id,title,release_date,revenue,budget,vote_average,vote_count,popularity,runtime,original_language,genres,youtube_key,trailer_url,view_count,like_count,comment_count,engagement_rate,movie_id,avg_sentiment,avg_subjectivity,n_comments_analyzed,positive_comments_pct,negative_comments_pct,neutral_comments_pct,log_revenue,log_views,log_likes
980477,Ne Zha 2,2025-01-29,2259822417,80000000,8.162,727,38.1292,144,zh,"Animation, Action, Fantasy, Adventure",ETlOSBR92Fs,https://www.youtube.com/watch?v=ETlOSBR92Fs,13184409,32778,2703,0.002486,980477.0,0.2177,0.4384,100.0,60.0,10.0,30.0,9.354074312445109,7.120060667023546,4.5155824508982265
83533,Avatar: Fire and Ash,2025-12-17,1490477656,350000000,7.6,3551,123.1454,198,en,"Science Fiction, Adventure, Fantasy",Ma1x7ikpid8,https://www.youtube.com/watch?v=Ma1x7ikpid8,17549453,235748,14926,0.013433,83533.0,0.2022,0.4144,100.0,60.0,11.0,29.0,9.173325469836184,7.244263584460885,5.372448017029098
533535,Deadpool & Wolverine,2024-07-24,1338073645,200000000,7.575,8817,34.3981,128,en,"Action, Comedy, Science Fiction",Idh8n5XuYIA,https://www.youtube.com/watch?v=Idh8n5XuYIA,9786695,208879,8048,0.021343,533535.0,0.0718,0.474,100.0,40.0,24.0,36.0,9.126480016822645,6.990636053846493,5.319894779652108
552524,Lilo & Stitch,2025-05-17,1038027526,100000000,7.2,2180,17.9205,108,en,"Family, Science Fiction, Comedy",VWqJifMMgZE,https://www.youtube.com/watch?v=VWqJifMMgZE,27107000,260672,21150,0.009616,552524.0,0.2747,0.5012,100.0,73.0,3.0,24.0,9.016208870113024,7.433081455775257,5.4160943840698845
950387,A Minecraft Movie,2025-03-31,960387780,150000000,6.3,3051,26.5346,101,en,"Family, Fantasy, Comedy, Adventure",aSh_L6bvaCQ,https://www.youtube.com/watch?v=aSh_L6bvaCQ,73302,475,74,0.00648,950387.0,0.1365,0.357,32.0,40.625,12.5,46.875,8.982446625445451,4.865115824260695,2.6766936096248664
936075,Michael,2026-04-22,942262159,250000000,8.692,2991,375.7553,128,en,"Music, Drama",k-YAcjaLuSI,https://www.youtube.com/watch?v=k-YAcjaLuSI,6298197,84729,4041,0.013453,936075.0,0.2833,0.4561,100.0,66.0,5.0,29.0,8.974171750316426,6.799216240720162,4.928032080748382
1234821,Jurassic World Rebirth,2025-06-23,869146189,180000000,6.3,3443,29.3721,134,en,"Science Fiction, Adventure, Action",2ZhB-YO5Tnk,https://www.youtube.com/watch?v=2ZhB-YO5Tnk,27066647,34970,2667,0.001292,1234821.0,0.2649,0.4084,100.0,62.0,4.0,34.0,8.93909283023041,7.4324344589626,4.543695632309245
402431,Wicked,2024-10-16,758827029,150000000,6.906,3067,16.6351,162,en,"Drama, Romance, Fantasy",pqi45Qhq3CI,https://www.youtube.com/watch?v=pqi45Qhq3CI,5601016,47878,4809,0.008548,402431.0,0.1839,0.4431,100.0,52.0,17.0,31.0,8.880142791821907,6.748266813286806,4.680136000399677
1311031,Demon Slayer: Kimetsu no Yaiba Infinity Castle,2025-07-18,733030221,20000000,7.727,874,108.3473,156,ja,"Animation, Action, Fantasy",EpAlHmuA2YM,https://www.youtube.com/watch?v=EpAlHmuA2YM,427453,5608,294,0.01312,1311031.0,0.1507,0.2686,100.0,34.0,6.0,60.0,8.865121879883942,5.630888369443639,3.7488080049586023
762509,Mufasa: The Lion King,2024-12-18,722631756,200000000,7.303,2685,16.5008,118,en,"Adventure, Family, Animation",lMXh6vjiZrI,https://www.youtube.com/watch?v=lMXh6vjiZrI,8269079,47926,2263,0.005796,762509.0,0.2362,0.4302,100.0,58.0,4.0,38.0,8.858917042690805,6.917457141052917,4.680571183416578
687163,Project Hail Mary,2026-03-15,683349773,200000000,8.691,5373,130.2689,157,en,"Science Fiction, Adventure",NKYea63tQmI,https://www.youtube.com/watch?v=NKYea63tQmI,759609,3408,236,0.004487,687163.0,0.2832,0.412,100.0,52.0,3.0,45.0,8.834643054488241,5.880590101703713,3.5324995860946626
1314481,The Devil Wears Prada 2,2026-04-29,677702888,100000000,6.546,835,35.0268,119,en,"Comedy, Drama",PMd1at7OwiE,https://www.youtube.com/watch?v=PMd1at7OwiE,24474987,80376,3417,0.003284,1314481.0,0.2261,0.391,100.0,54.0,1.0,45.0,8.831039336370129,7.388722469797759,4.905126389251473
1087192,How to Train Your Dragon,2025-06-06,636351148,150000000,7.93,2892,23.0102,125,en,"Fantasy, Family, Action, Adventure",OWEq2Pf8qpk,https://www.youtube.com/watch?v=OWEq2Pf8qpk,23270024,95979,4503,0.004125,1087192.0,0.2611,0.4967,100.0,73.0,8.0,19.0,8.80369683192932,7.366796831205174,4.982176220729301
911430,F1,2025-06-25,634142436,300000000,7.803,4132,31.9876,156,en,"Action, Drama",ge_ABjtYx88,https://www.youtube.com/watch?v=ge_ABjtYx88,650628,4751,122,0.007302,911430.0,0.1589,0.3234,84.0,40.4762,9.5238,50.0,8.802186816590169,5.813332749360574,3.6767850304192056
1061474,Superman,2025-07-09,618723803,225000000,7.3,4928,39.068,130,en,"Science Fiction, Adventure, Action",MikgqM0LXr4,https://www.youtube.com/watch?v=MikgqM0LXr4,134537,1467,187,0.010904,1061474.0,0.0933,0.3458,95.0,35.7895,17.8947,46.3158,8.791496824138155,5.128841739253042,3.166430113843283
575265,Mission: Impossible - The Final Reckoning,2025-05-17,598767057,400000000,7.168,2882,27.202,170,en,"Action, Thriller, Adventure",G1VBfMCZVkw,https://www.youtube.com/watch?v=G1VBfMCZVkw,2035538,22092,1005,0.010853,575265.0,0.1335,0.3848,100.0,49.0,8.0,43.0,8.777257898289784,6.308679214323509,4.344235034551639
967941,Wicked: For Good,2025-11-19,539042601,150000000,6.6,1038,11.2423,137,en,"Fantasy, Adventure, Romance",R2Xubj7lazE,https://www.youtube.com/watch?v=R2Xubj7lazE,6793925,101189,4155,0.014894,967941.0,0.1319,0.3989,100.0,45.0,19.0,36.0,8.731623089209215,6.832120748264664,5.005133304016109
1038392,The Conjuring: Last Rites,2025-09-03,499256445,55000000,6.935,1908,29.8247,136,en,Horror,p4aWdkM5xF8,https://www.youtube.com/watch?v=p4aWdkM5xF8,903231,11500,397,0.012732,1038392.0,0.2027,0.437,100.0,54.0,6.0,40.0,8.698323679972123,5.955798834694038,4.060697840353612
912649,Venom: The Last Dance,2024-10-22,478937618,120000000,6.676,4271,19.7354,109,en,"Science Fiction, Action, Adventure",FKBN1qAzW3s,https://www.youtube.com/watch?v=FKBN1qAzW3s,609066,3330,138,0.005467,912649.0,0.1083,0.3427,87.0,41.3793,11.4943,47.1264,8.680278949901659,5.784664356479717,3.5224442335063197
558449,Gladiator II,2024-11-13,462180717,310000000,6.6,4485,11.6411,148,en,"Action, Adventure, Drama",TQwSz88ITAE,https://www.youtube.com/watch?v=TQwSz88ITAE,4043283,9660,1296,0.002389,558449.0,0.2437,0.3824,100.0,51.0,4.0,45.0,8.664811821984303,6.606734139809322,3.9849771264154934
917496,Beetlejuice Beetlejuice,2024-09-04,452000435,99000000,6.932,3143,8.3077,105,en,"Comedy, Fantasy, Horror",xnbAxOEiMis,https://www.youtube.com/watch?v=xnbAxOEiMis,45469,401,90,0.008819,917496.0,0.0847,0.2471,39.0,30.7692,10.2564,58.9744,8.655138852771579,4.657715402868895,2.603144372620182
822119,Captain America: Brave New World,2025-02-12,415101577,180000000,5.969,3134,13.6338,119,en,"Action, Thriller, Science Fiction",5PSzFLV-EyQ,https://www.youtube.com/watch?v=5PSzFLV-EyQ,1636530,42411,2645,0.025915,822119.0,0.1681,0.3341,100.0,39.0,8.0,53.0,8.618154383296845,6.213923970973102,4.627478512718182
1368166,The Housemaid,2025-12-18,399644671,35000000,7.267,2496,52.5087,131,en,"Mystery, Thriller",BqWH0KDqm3U,https://www.youtube.com/watch?v=BqWH0KDqm3U,2599694,6394,754,0.00246,1368166.0,0.3036,0.4311,100.0,59.0,3.0,38.0,8.601674026311965,6.414922231842978,3.8057726319356693
986056,Thunderbolts*,2025-04-30,382436917,180000000,7.291,3600,16.236,127,en,"Action, Science Fiction, Adventure",7rs_HhSA7XY,https://www.youtube.com/watch?v=7rs_HhSA7XY,296677,4851,594,0.016351,986056.0,0.326,0.4471,100.0,65.0,2.0,33.0,8.582559808487773,5.472283878772974,3.6858312746260635
718821,Twisters,2024-07-10,372262265,155000000,6.775,3018,6.4624,123,en,"Action, Thriller",AZbEi95SuMg,https://www.youtube.com/watch?v=AZbEi95SuMg,823313,3540,334,0.0043,718821.0,0.1969,0.3339,100.0,45.0,8.0,47.0,8.57084901544791,5.915564972916307,3.5490032620257876
1327819,Hoppers,2026-03-04,372010783,150000000,8.197,1719,101.2632,104,en,"Adventure, Animation, Comedy, Family, Science Fiction",PypDSyIRRSs,https://www.youtube.com/watch?v=PypDSyIRRSs,18450492,83380,5748,0.004519,1327819.0,0.2273,0.3894,100.0,57.0,5.0,38.0,8.570555528402133,7.26600795152685,4.921061890790279
1233413,Sinners,2025-04-16,370000000,100000000,7.497,4671,26.8581,138,en,"Horror, Action, Thriller",l2h2lC0vlX4,https://www.youtube.com/watch?v=l2h2lC0vlX4,218207,1062,85,0.004867,1233413.0,0.1139,0.4536,36.0,44.4444,33.3333,22.2222,8.568201724066995,5.338868678482437,3.0261245167454502
1079091,It Ends with Us,2024-08-07,351441044,55000000,6.945,1967,7.0908,131,en,"Drama, Romance",r-GQvSc5ZGw,https://www.youtube.com/watch?v=r-GQvSc5ZGw,3184004,15066,1358,0.004732,1079091.0,0.1676,0.3286,100.0,43.0,6.0,51.0,8.54585248038578,6.5029736046613715,4.1779979630965665
945961,Alien: Romulus,2024-08-13,350865342,80000000,7.2,4596,11.0785,119,en,"Horror, Science Fiction",x0XDEhP4MQs,https://www.youtube.com/watch?v=x0XDEhP4MQs,7828997,96185,12246,0.012286,945961.0,0.1501,0.4437,100.0,54.0,16.0,30.0,8.545140471317355,6.893706126647075,4.9831073493230305
1339713,Obsession,2026-05-13,339224215,750000,7.9,979,526.463,108,en,"Horror, Thriller",gMC8kkwbIQQ,https://www.youtube.com/watch?v=gMC8kkwbIQQ,15496796,0,6367,0.0,1339713.0,0.0953,0.5133,100.0,52.0,24.0,24.0,8.530486846136329,7.190241916018293,0.0
1228710,The Mandalorian and Grogu,2026-05-20,323364088,165000000,6.7,522,187.8376,132,en,"Action, Adventure, Science Fiction",uwild1rw7Aw,https://www.youtube.com/watch?v=uwild1rw7Aw,5705453,88611,5841,0.015531,1228710.0,0.2216,0.4388,100.0,58.0,11.0,31.0,8.509691786598676,6.756290132117936,4.947487637719669
574475,Final Destination Bloodlines,2025-05-14,317854739,50000000,7.038,2897,18.676,110,en,"Horror, Mystery",xitSoRbHJ50,https://www.youtube.com/watch?v=xitSoRbHJ50,341525,1097,42,0.003212,574475.0,0.0526,0.2771,30.0,26.6667,16.6667,56.6667,8.50222869085286,5.533422500007749,3.0402066275747113
1083381,Backrooms,2026-05-27,301819646,10000000,6.9,729,108.5329,111,en,"Horror, Mystery, Science Fiction",0HjdiohVOik,https://www.youtube.com/watch?v=0HjdiohVOik,41325582,681008,37763,0.016479,1083381.0,0.1301,0.399,100.0,46.0,12.0,42.0,8.479747505392185,7.616218978580052,5.833152213726953
1078605,Weapons,2025-08-04,269972492,38000000,7.257,3514,17.3809,128,en,"Horror, Mystery",QKHySfXqN0I,https://www.youtube.com/watch?v=QKHySfXqN0I,25343347,112986,6936,0.004458,1078605.0,0.2048,0.5369,100.0,68.0,11.0,21.0,8.431319515339666,7.403863969965025,5.053024633754017
762441,A Quiet Place: Day One,2024-06-26,261907653,67000000,6.642,3385,8.1175,100,en,"Horror, Science Fiction, Thriller",E-WIb4ATfT8,https://www.youtube.com/watch?v=E-WIb4ATfT8,3164425,18864,1782,0.005961,762441.0,0.2097,0.4191,100.0,52.0,5.0,43.0,8.418148188792207,6.500294806924095,4.275633787751014
425274,Now You See Me: Now You Don't,2025-11-12,243700000,90000000,6.5,1589,26.4864,112,en,"Crime, Thriller",lLWESUfW-0A,https://www.youtube.com/watch?v=lLWESUfW-0A,2222625,5897,297,0.002653,425274.0,0.1846,0.3291,100.0,45.0,2.0,53.0,8.386855529184725,6.346866194966737,3.7706311277778064
1228246,Five Nights at Freddy's 2,2025-12-03,239568877,36000000,6.639,1001,19.5883,104,en,"Horror, Thriller",NQypHE9_Fm4,https://www.youtube.com/watch?v=NQypHE9_Fm4,37332852,362727,13455,0.009716,1228246.0,0.1026,0.3782,100.0,45.0,11.0,44.0,8.379430397084942,7.57209116861771,5.559579883991196
1159559,Scream 7,2026-02-25,213835967,45000000,6.191,1074,46.9465,114,en,"Horror, Mystery, Crime",4g8OciWNJn4,https://www.youtube.com/watch?v=4g8OciWNJn4,2188824,16942,1781,0.00774,1159559.0,0.1134,0.3637,100.0,41.0,10.0,49.0,8.330080754922806,6.340210842014813,4.228964677405161
1054867,One Battle After Another,2025-09-23,209377100,175000000,7.4,3826,15.8759,162,en,"Thriller, Crime, Comedy",u6GVb4p7oD4,https://www.youtube.com/watch?v=u6GVb4p7oD4,101342,313,47,0.003089,1054867.0,0.087,0.2486,21.0,33.3333,0.0,66.6667,8.320929180267909,5.005789470907809,2.4955443375464483
889737,Joker: Folie à Deux,2024-10-01,207500287,190000000,5.403,2944,7.6054,138,en,"Drama, Crime, Thriller",fiqqAI0e4Nc,https://www.youtube.com/watch?v=fiqqAI0e4Nc,2593788,27367,2356,0.010551,889737.0,0.2007,0.3675,100.0,47.0,11.0,42.0,8.317018701734522,6.413934476685343,4.437227192190728
447273,Snow White,2025-03-19,205679463,271600000,4.301,1657,13.9842,109,en,"Family, Fantasy",KsSoo5K8CpA,https://www.youtube.com/watch?v=KsSoo5K8CpA,244583,868,352,0.003549,447273.0,0.0639,0.2462,100.0,31.0,9.0,60.0,8.313190929754791,5.388426267652155,2.938519725176492
1273221,Scary Movie,2026-06-03,204299766,30000000,5.5,350,63.3615,96,en,"Comedy, Horror",cGgWAHXuTKc,https://www.youtube.com/watch?v=cGgWAHXuTKc,5896834,16916,918,0.002869,1273221.0,0.1356,0.3373,100.0,41.0,9.0,50.0,8.31026786920236,6.770618902256572,4.228297676474863
1297842,GOAT,2026-02-11,193566330,90000000,8.116,835,62.7357,100,en,"Animation, Comedy, Family",kmY-rYS7yng,https://www.youtube.com/watch?v=kmY-rYS7yng,5292898,9193,646,0.001737,1297842.0,0.1932,0.2989,100.0,45.0,4.0,51.0,8.28682981595322,6.723693524736783,3.9634572601167077
1218925,Chainsaw Man - The Movie: Reze Arc,2025-09-19,191400000,4100000,8.436,958,25.6793,100,ja,"Animation, Action, Romance, Fantasy",GJ1jrCnm-t8,https://www.youtube.com/watch?v=GJ1jrCnm-t8,3578940,40445,1164,0.011301,1218925.0,0.2074,0.3603,200.0,50.0,5.0,45.0,8.281941933440825,6.553754417616789,4.606864839752301
1218925,Chainsaw Man - The Movie: Reze Arc,2025-09-19,191400000,4100000,8.436,958,25.6793,100,ja,"Animation, Action, Romance, Fantasy",GJ1jrCnm-t8,https://www.youtube.com/watch?v=GJ1jrCnm-t8,3578940,40445,1164,0.011301,1218925.0,0.2074,0.3603,200.0,50.0,5.0,45.0,8.281941933440825,6.553754417616789,4.606864839752301
1317288,Marty Supreme,2025-12-19,191303074,65000000,7.384,1878,14.3179,150,en,"Drama, Thriller",s9gSuKaKcqM,https://www.youtube.com/watch?v=s9gSuKaKcqM,31501973,115300,4988,0.00366,1317288.0,0.187,0.4271,100.0,52.0,9.0,39.0,8.281721948649936,7.498337754938145,5.061829307294699
845781,Red One,2024-10-31,185700759,250000000,6.983,3057,11.5332,124,en,"Action, Comedy, Fantasy",7l3hfD74X-4,https://www.youtube.com/watch?v=7l3hfD74X-4,15578480,46030,2351,0.002955,845781.0,0.2143,0.3958,100.0,60.0,13.0,27.0,8.268813678800836,7.192525081076216,4.663040974893974
1242898,Predator: Badlands,2025-11-05,184500000,105000000,7.8,3159,46.3397,107,en,"Action, Science Fiction, Adventure",LkBqjfg8TGM,https://www.youtube.com/watch?v=LkBqjfg8TGM,156085,1177,67,0.007541,1242898.0,0.1132,0.345,52.0,34.6154,9.6154,55.7692,8.26599637049508,5.19336116872391,3.0707764628434346
426063,Nosferatu,2024-12-25,181805645,50000000,6.7,3703,9.5848,133,en,"Horror, Fantasy",nulvWqYUM8k,https://www.youtube.com/watch?v=nulvWqYUM8k,22317101,145214,8151,0.006507,426063.0,0.2423,0.5008,100.0,65.0,10.0,25.0,8.25960736378303,7.348637778909221,5.16200848846908
1419406,The Shadow's Edge,2025-08-16,174400000,0,7.815,897,92.7369,142,zh,"Action, Crime, Drama, Thriller",xvmADAJOoCg,https://www.youtube.com/watch?v=xvmADAJOoCg,267866,377,9,0.001407,1419406.0,0.1153,0.3403,6.0,33.3333,33.3333,33.3333,8.241546480596549,5.427917592482925,2.576341350205793
1275779,Disclosure Day,2026-06-10,172717890,115000000,6.694,666,179.6537,145,en,"Science Fiction, Thriller",icDuEHSxE-w,https://www.youtube.com/watch?v=icDuEHSxE-w,18479750,91875,10883,0.004972,1275779.0,0.1199,0.4041,100.0,44.0,16.0,40.0,8.23733732382042,7.266696091648434,4.963197352092251
991494,The SpongeBob Movie: Search for SquarePants,2025-12-16,163197450,64000000,6.85,307,20.1499,88,en,"Adventure, Animation, Comedy, Family, Fantasy",wS3mgDtELaU,https://www.youtube.com/watch?v=wS3mgDtELaU,1028884,307,10,0.000298,991494.0,-0.1389,0.2222,9.0,11.1111,22.2222,66.6667,8.212713368513548,6.012366413635417,2.4871383754771865
1022787,Elio,2025-06-18,154291182,150000000,6.913,1012,13.9507,98,en,"Adventure, Animation, Comedy, Family, Science Fiction",yH5zbV7eweM,https://www.youtube.com/watch?v=yH5zbV7eweM,302251,2725,236,0.009016,1022787.0,0.2978,0.4324,100.0,64.0,3.0,33.0,8.188341106113871,5.480367746402168,3.4353665066126613
1125257,Freakier Friday,2025-08-06,153176952,42000000,6.8,718,12.9468,110,en,"Comedy, Fantasy, Family",IyJzhtJEtoU,https://www.youtube.com/watch?v=IyJzhtJEtoU,6680511,33033,1936,0.004945,1125257.0,0.3493,0.5117,100.0,81.0,3.0,16.0,8.18519342344125,6.824809683432493,4.518948017357206
1582770,Dhurandhar: The Revenge,2026-03-18,152900759,14330000,7.341,123,113.9633,229,hi,"Action, Crime, Thriller",NHk7scrb_9I,https://www.youtube.com/watch?v=NHk7scrb_9I,90007092,1317316,66923,0.014636,1582770.0,0.0564,0.2675,100.0,30.0,10.0,60.0,8.184409641257275,7.954276730496207,6.119689966757256
1100988,28 Years Later,2025-06-18,151308832,60000000,6.61,2615,12.9739,115,en,"Horror, Thriller, Science Fiction",IYGG55qwQZQ,https://www.youtube.com/watch?v=IYGG55qwQZQ,11704895,203807,14468,0.017412,1100988.0,0.1781,0.4485,100.0,56.0,13.0,31.0,8.179864278828978,7.068367522165481,5.309219096300267
533533,TRON: Ares,2025-10-08,142249983,220000000,6.496,1456,18.7805,119,en,"Science Fiction, Adventure, Action",gNa0j4mQo1k,https://www.youtube.com/watch?v=gNa0j4mQo1k,1039361,4428,459,0.00426,533533.0,0.2625,0.3637,100.0,63.0,5.0,32.0,8.15305222316548,6.016766416736828,3.6462076122066853
661539,A Complete Unknown,2024-12-25,140508652,65000000,7.068,1462,6.4288,141,en,"Drama, Music",ob4SHtT6cC0,https://www.youtube.com/watch?v=ob4SHtT6cC0,76553,789,23,0.010307,661539.0,0.2471,0.4887,17.0,47.0588,11.7647,41.1765,8.147703067302794,4.88396221473273,2.89707700320942
1100782,Smile 2,2024-10-16,138128854,28000000,6.59,2195,9.4881,127,en,"Horror, Music, Mystery, Thriller",FU_bAopCcSE,https://www.youtube.com/watch?v=FU_bAopCcSE,2698585,10869,1068,0.004028,1100782.0,0.1761,0.4129,100.0,60.0,13.0,27.0,8.140284408658744,6.431136102019384,4.036189588754199
541671,Ballerina,2025-06-04,137408107,90000000,7.256,2682,18.2272,125,en,"Action, Thriller, Crime",b9Rr9ygb-ac,https://www.youtube.com/watch?v=b9Rr9ygb-ac,5391304,56799,2522,0.010535,541671.0,0.3116,0.4022,100.0,55.0,5.0,40.0,8.138012356606351,6.731693821125642,4.754340689614101
1291608,Dhurandhar,2025-12-05,136599112,24000000,7.268,311,61.856,214,hi,"Action, Crime, Thriller",o--C7AH5SuI,https://www.youtube.com/watch?v=o--C7AH5SuI,1105737,28470,1571,0.025748,1291608.0,-0.0557,0.376,100.0,20.0,26.0,54.0,8.135447876104273,6.043651842130311,4.454387467146955
1234731,Anaconda,2025-12-24,135148320,45000000,5.882,1233,21.9577,100,en,"Adventure, Comedy, Horror",LFLyvzIZjK4,https://www.youtube.com/watch?v=LFLyvzIZjK4,402069,279,19,0.000694,1234731.0,-0.1265,0.309,12.0,8.3333,58.3333,33.3333,8.130810651446032,5.6043005897705624,2.4456042032735974
696506,Mickey 17,2025-02-28,133542263,118000000,6.836,3626,12.2658,137,en,"Science Fiction, Comedy, Adventure",tA1s65o_kYM,https://www.youtube.com/watch?v=tA1s65o_kYM,26527325,184342,6075,0.006949,696506.0,0.2294,0.4835,100.0,64.0,10.0,26.0,8.125618731490734,7.423693458187697,5.265624295013773
1197137,Black Phone 2,2025-10-15,132675749,30000000,6.696,1166,13.3611,114,en,"Horror, Thriller",pWNucAcRoBY,https://www.youtube.com/watch?v=pWNucAcRoBY,13874880,6807,219,0.000491,1197137.0,0.1447,0.2983,100.0,47.0,6.0,47.0,8.122791548049294,7.142229235718087,3.8329557506045986
1325734,The Drama,2026-04-01,132552559,28000000,6.97,1084,35.9875,105,en,"Romance, Comedy, Drama",0ZDzsH3XGFA,https://www.youtube.com/watch?v=0ZDzsH3XGFA,204618,751,21,0.00367,1325734.0,0.1546,0.4988,15.0,66.6667,20.0,13.3333,8.122388116443698,5.310943835421229,2.8756399370041685
931285,Mortal Kombat II,2026-05-06,129178875,80000000,7.993,1653,299.1988,116,en,"Action, Fantasy, Adventure",zva2PQ-ud5Y,https://www.youtube.com/watch?v=zva2PQ-ud5Y,853500,20602,1312,0.024138,931285.0,0.2246,0.3563,100.0,50.0,5.0,45.0,8.111191498016238,5.931203525450752,4.313909382835271
1128650,The Prosecutor,2024-12-08,128093757,38500000,7.066,219,6.76,117,cn,"Action, Drama, Crime, Thriller",j5c13X9j_0o,https://www.youtube.com/watch?v=j5c13X9j_0o,66496,60,5,0.000902,1128650.0,0.42,0.48,5.0,60.0,0.0,40.0,8.107527963729693,4.822795521541065,1.7781512503836436
1226578,Longlegs,2024-07-10,127961936,10000000,6.5,2693,8.2068,101,en,"Crime, Horror, Mystery",FXOtkvx25gI,https://www.youtube.com/watch?v=FXOtkvx25gI,13240640,38074,2308,0.002876,1226578.0,0.2129,0.4723,100.0,66.0,14.0,20.0,8.107080802119764,7.12190897768305,4.580628505568549
1011477,Karate Kid: Legends,2025-05-08,117105466,45000000,6.998,1220,10.7807,94,en,"Action, Adventure, Drama",LhRXf-yEQqA,https://www.youtube.com/watch?v=LhRXf-yEQqA,27385630,188888,11216,0.006897,1011477.0,0.2484,0.392,100.0,57.0,3.0,40.0,8.068577166620068,7.4375227362224985,5.276204368195402
1301421,The Sheep Detectives,2026-04-30,115953209,75000000,7.545,257,199.9905,115,en,"Comedy, Family, Mystery",826SRt1CFbg,https://www.youtube.com/watch?v=826SRt1CFbg,9683008,14100,812,0.001456,1301421.0,0.2184,0.4584,100.0,60.0,12.0,28.0,8.064282772221162,6.986010290662971,4.14921911265538
1321179,The King's Warden,2026-02-04,111782570,6900000,7.214,21,8.4581,117,ko,"History, Drama",YOWP0DiW8po,https://www.youtube.com/watch?v=YOWP0DiW8po,89877,585,26,0.006509,1321179.0,-0.0271,0.1125,10.0,0.0,10.0,90.0,8.048374090286039,4.953648567694689,2.7671558660821804
858024,Hamnet,2025-11-26,107756183,30000000,7.7,1405,13.0655,125,en,"Drama, Romance, History",xYcgQMxQwmk,https://www.youtube.com/watch?v=xYcgQMxQwmk,17922310,35468,1483,0.001979,858024.0,0.3183,0.5496,100.0,72.0,12.0,16.0,8.032442199164473,7.2533939849911775,4.549836699792701
870028,The Accountant²,2025-04-23,103223366,80000000,7.086,1800,8.6871,133,en,"Mystery, Crime, Thriller",RwXDphhQ9Tg,https://www.youtube.com/watch?v=RwXDphhQ9Tg,1251730,3068,186,0.002451,870028.0,0.1545,0.3953,100.0,48.0,14.0,38.0,8.013778016828406,6.097510661018397,3.4868553552769432
1035259,The Naked Gun,2025-07-30,102147396,42000000,6.372,1767,10.3008,85,en,"Comedy, Action, Crime",uLguU7WLreA,https://www.youtube.com/watch?v=uLguU7WLreA,19481525,103675,10166,0.005322,1035259.0,0.2391,0.4713,100.0,68.0,6.0,26.0,8.009227299825582,7.2896229501381855,5.015674044036055
454639,Masters of the Universe,2026-06-03,101914098,200000000,7.2,301,109.0615,141,en,"Action, Fantasy, Science Fiction",rJSmz-zhDxE,https://www.youtube.com/watch?v=rJSmz-zhDxE,11897688,36151,4322,0.003038,454639.0,0.2491,0.4338,100.0,58.0,7.0,35.0,8.008234265067312,7.075462575981199,4.558120315143003
1087891,The Amateur,2025-04-09,96000836,60000000,6.941,1630,8.6489,123,en,"Thriller, Action",DCWcK4c-F8Q,https://www.youtube.com/watch?v=DCWcK4c-F8Q,16795351,225548,9364,0.013429,1087891.0,0.234,0.4336,100.0,64.0,7.0,29.0,7.982275015004214,7.225189084436705,5.353238980434772
1198994,Send Help,2026-01-22,94041481,40000000,7.046,1824,38.7887,113,en,"Horror, Thriller, Comedy",cOmnmFz_Uzs,https://www.youtube.com/watch?v=cOmnmFz_Uzs,368197,3506,289,0.009522,1198994.0,0.1274,0.2904,100.0,39.0,7.0,54.0,7.973319459936771,5.566080245632544,3.544811911757776
1083637,Kantara - A Legend: Chapter 1,2025-10-01,91000000,14000000,7.128,86,14.2676,165,kn,"Action, Drama, Fantasy",TMQUFhWm8C0,https://www.youtube.com/watch?v=TMQUFhWm8C0,23814683,803018,20976,0.033719,1083637.0,0.1113,0.2084,100.0,28.0,2.0,70.0,7.959041392321094,7.376844804942002,5.904725280288718
1327862,Regretting You,2025-10-22,90452948,30000000,7.009,436,8.9494,116,en,"Romance, Drama",qub8lZlVlho,https://www.youtube.com/watch?v=qub8lZlVlho,13015538,44364,1450,0.003409,1327862.0,0.2764,0.5092,100.0,66.0,3.0,31.0,7.956422725748281,7.114462124470011,4.647030696620732
1304313,Lee Cronin's The Mummy,2026-04-15,90452113,22000000,8.024,1965,137.3105,133,en,"Horror, Mystery",6wbMsDmJLCs,https://www.youtube.com/watch?v=6wbMsDmJLCs,594715,4144,343,0.006968,1304313.0,0.0728,0.5002,100.0,41.0,24.0,35.0,7.956418716618957,5.774308892484605,3.6174197467371765
1034541,Terrifier 3,2024-10-09,90322103,2000000,6.8,1973,13.1677,125,en,Horror,0EDDtgWnSeY,https://www.youtube.com/watch?v=0EDDtgWnSeY,325538,770,26,0.002365,1034541.0,0.0456,0.3542,13.0,30.7692,30.7692,38.4615,7.95579404085959,5.512601690990439,2.886490725172482
1197306,A Working Man,2025-03-26,89400711,40000000,6.697,1957,21.5788,116,en,"Action, Crime, Thriller",mdfrG2cLK58,https://www.youtube.com/watch?v=mdfrG2cLK58,2959733,7495,488,0.002532,1197306.0,0.1942,0.3173,100.0,50.0,4.0,46.0,7.951340972734942,6.471252534755971,3.874771637184298
1367642,Reminders of Him,2026-03-11,89039780,30000000,7.732,321,12.035,114,en,"Romance, Drama",i36Zw32GfRQ,https://www.youtube.com/watch?v=i36Zw32GfRQ,47594897,66852,2388,0.001405,1367642.0,0.1393,0.3934,100.0,46.0,15.0,39.0,7.949584078270677,7.677560391301486,4.825114404507068
1168190,The Wrecking Crew,2026-01-28,89000000,78500000,7.029,1089,30.4552,125,en,"Action, Comedy, Crime, Mystery",v8R0xDczERo,https://www.youtube.com/watch?v=v8R0xDczERo,24997577,53503,3071,0.00214,1168190.0,0.2819,0.4277,100.0,63.0,4.0,33.0,7.949390006644912,7.39789791481095,4.728378134300063
1167307,David,2025-12-14,85865995,60900000,8.1,151,21.0263,109,en,"Animation, Drama, Family, History",gWgyI6_lR0A,https://www.youtube.com/watch?v=gWgyI6_lR0A,3351284,13485,1132,0.004024,1167307.0,0.4034,0.5155,100.0,76.0,1.0,23.0,7.933821206814371,6.525211233089401,4.12985095078891
1032823,Trap,2024-07-31,83677281,30000000,6.237,2870,7.0261,105,en,"Crime, Horror, Thriller",mps1HbpECIA,https://www.youtube.com/watch?v=mps1HbpECIA,27104113,58188,4855,0.002147,1032823.0,0.2522,0.4941,100.0,73.0,7.0,20.0,7.922607559837238,7.433035199275397,4.764833430163149
933260,The Substance,2024-09-07,77316812,17500000,7.1,6094,21.776,141,en,"Horror, Science Fiction, Thriller",lR5nlovVgvQ,https://www.youtube.com/watch?v=lR5nlovVgvQ,542066,1413,72,0.002607,933260.0,-0.0005,0.5121,29.0,41.3793,24.1379,34.4828,7.8882739384843985,5.734052167886646,3.1501421618485588
1084736,The Count of Monte Cristo,2024-06-28,75360860,46000000,7.9,2041,8.5124,178,fr,"Adventure, Action, Drama",8Q6y1waxlTY,https://www.youtube.com/watch?v=8Q6y1waxlTY,2776698,19704,1512,0.007096,1084736.0,0.47,0.5259,100.0,88.0,0.0,12.0,7.877145845877222,6.443528647461551,4.294554398831047
1171145,Crime 101,2026-02-11,72900246,90000000,6.997,1104,35.4846,141,en,"Crime, Thriller",KeEHsuZ4Ja4,https://www.youtube.com/watch?v=KeEHsuZ4Ja4,24174014,25913,1069,0.001072,1171145.0,0.2267,0.3606,100.0,53.0,4.0,43.0,7.862728993835976,7.383348769286913,4.4135176950400155
798645,The Running Man,2025-11-11,69000000,110000000,6.782,1656,14.9439,133,en,"Action, Thriller, Science Fiction",_iHJHYjq7XI,https://www.youtube.com/watch?v=_iHJHYjq7XI,641075,3650,261,0.005694,798645.0,0.1579,0.3397,100.0,44.0,10.0,46.0,7.838849090737256,5.806908841033245,3.5622928644564746
1124620,The Monkey,2025-02-10,68871071,10000000,5.994,1355,10.3516,97,en,"Horror, Comedy",KPxmK_ihDO8,https://www.youtube.com/watch?v=KPxmK_ihDO8,229966,1630,133,0.007088,1124620.0,0.0522,0.3759,78.0,28.2051,17.9487,53.8462,7.83803683666288,5.3616636312180574,3.2121876044039577
1144107,The Legend of Hei 2,2025-07-18,67216848,0,8.508,59,11.069,119,zh,"Animation, Fantasy, Action, Adventure",6t-uv2Vv_vA,https://www.youtube.com/watch?v=6t-uv2Vv_vA,20823,324,26,0.01556,1144107.0,0.1218,0.2962,16.0,37.5,0.0,62.5,7.827478143237561,4.318543299122021,2.510545010206612
1241634,Saiyaara,2025-07-18,63539300,5500000,6.402,143,16.205,150,hi,"Romance, Drama, Music",nF31d_f4n_A,https://www.youtube.com/watch?v=nF31d_f4n_A,9039501,126589,5245,0.014004,1241634.0,0.21,0.35,100.0,56.0,0.0,44.0,7.803042425980396,6.956144457142634,5.102395969134299
604079,The Long Walk,2025-09-10,63103084,20000000,6.905,1580,11.2842,108,en,"Science Fiction, Thriller, Horror",Toj3Zxun7aQ,https://www.youtube.com/watch?v=Toj3Zxun7aQ,7197512,22297,2834,0.003098,604079.0,0.1817,0.4588,100.0,66.0,15.0,19.0,7.800050584782212,6.857182397625068,4.348246433851234
539972,Kraven the Hunter,2024-12-11,62076533,130000000,6.438,2364,13.5259,127,en,"Action, Adventure, Thriller",hR1-ihzff3I,https://www.youtube.com/watch?v=hR1-ihzff3I,6329690,104509,11699,0.016511,539972.0,0.1153,0.4177,100.0,45.0,18.0,37.0,7.792927453401309,6.801382440730443,5.019153692189003
1097549,Babygirl,2024-12-25,60934894,20000000,5.711,1218,9.224,115,en,"Romance, Thriller",9XXoNB0lVGo,https://www.youtube.com/watch?v=9XXoNB0lVGo,11701014,42778,3619,0.003656,1097549.0,0.127,0.3687,100.0,38.0,18.0,44.0,7.784866059986272,7.068223498970337,4.631220476138546
1272837,28 Years Later: The Bone Temple,2026-01-14,58522222,63000000,7.132,1327,28.5683,109,en,"Horror, Thriller, Science Fiction",rl_DJZCyEH4,https://www.youtube.com/watch?v=rl_DJZCyEH4,7300419,10053,950,0.001377,1272837.0,0.17,0.4248,100.0,51.0,6.0,43.0,7.767320807269041,6.863347786718517,4.002295682554934
1064213,Anora,2024-10-14,56286295,6000000,7.1,3197,13.5476,139,en,"Drama, Comedy, Romance",8m6UrWMl18M,https://www.youtube.com/watch?v=8m6UrWMl18M,5029479,8370,457,0.001664,1064213.0,0.3361,0.4583,100.0,65.0,5.0,30.0,7.750402662516804,6.701522999142586,3.92272545799326
1232546,Until Dawn,2025-04-23,54105064,15000000,6.273,1453,9.7837,103,en,"Horror, Mystery",xR3lVHnh0Gg,https://www.youtube.com/watch?v=xR3lVHnh0Gg,303628,286,33,0.000942,1232546.0,-0.0251,0.3861,21.0,23.8095,33.3333,42.8571,7.733237915094225,5.482341818886087,2.456366033129043
1290821,Shelter,2026-01-28,53933639,50000000,7.685,1299,52.7413,107,en,"Action, Crime, Thriller",auHiLFjaIc0,https://www.youtube.com/watch?v=auHiLFjaIc0,11535838,21056,1364,0.001825,1290821.0,0.1082,0.2944,100.0,42.0,10.0,48.0,7.731859723909566,7.0620491485369286,4.3233758719338615
1138194,Heretic,2024-10-31,51913394,10000000,6.973,2677,6.8674,111,en,"Thriller, Horror",jpWUOxRozZg,https://www.youtube.com/watch?v=jpWUOxRozZg,11484286,26924,1932,0.002344,1138194.0,0.3125,0.4826,100.0,71.0,5.0,24.0,7.715279423162937,7.060103999452751,4.430139581884708
1116201,Iron Lung,2026-01-30,51226173,4000000,6.981,293,20.8522,125,en,"Horror, Mystery, Science Fiction",7qRf_f_bbUk,https://www.youtube.com/watch?v=7qRf_f_bbUk,268797,1056,84,0.003929,1116201.0,0.0825,0.5316,24.0,37.5,37.5,25.0,7.709491911857902,5.429424417318111,3.0236639181977933
549509,The Brutalist,2024-12-20,50145227,9600000,6.953,1676,7.9095,215,en,Drama,GdRXPAHIEW4,https://www.youtube.com/watch?v=GdRXPAHIEW4,7401979,52855,2839,0.007141,549509.0,0.3014,0.4238,100.0,63.0,6.0,31.0,7.700229601639361,6.869347848633038,4.723086077162789
1126166,Flight Risk,2025-01-22,48703174,25000000,5.9,1165,6.9831,91,en,"Action, Thriller",uaodj8Myt3A,https://www.youtube.com/watch?v=uaodj8Myt3A,40243,54,6,0.001342,1126166.0,-0.13,0.6667,6.0,33.3333,50.0,16.6667,7.687557265234502,4.604690348660232,1.7323937598229686
680493,Return to Silent Hill,2026-01-21,47976996,23000000,5.388,661,18.7903,106,en,"Mystery, Drama, Horror",z10cMFhKbW8,https://www.youtube.com/watch?v=z10cMFhKbW8,219988,379,24,0.001723,680493.0,0.043,0.426,40.0,35.0,15.0,50.0,7.681033051854694,5.342398991386203,2.578639209968072
680493,Return to Silent Hill,2026-01-21,47976996,23000000,5.388,661,18.7903,106,en,"Mystery, Drama, Horror",z10cMFhKbW8,https://www.youtube.com/watch?v=z10cMFhKbW8,219988,379,24,0.001723,680493.0,0.043,0.426,40.0,35.0,15.0,50.0,7.681033051854694,5.342398991386203,2.578639209968072
840705,Blink Twice,2024-08-21,46393906,20000000,6.684,1927,7.2687,103,en,"Mystery, Thriller",jmCCQ80iAf8,https://www.youtube.com/watch?v=jmCCQ80iAf8,11870517,5540,589,0.000467,840705.0,0.2095,0.3812,100.0,48.0,4.0,48.0,7.666460938219007,7.074469634317485,3.74350976472843
840464,Greenland 2: Migration,2026-01-07,44856736,90000000,6.4,1241,53.1073,98,en,"Adventure, Thriller, Science Fiction",hiD3zk0ZRFg,https://www.youtube.com/watch?v=hiD3zk0ZRFg,1888846,6451,816,0.003415,840464.0,0.1716,0.3078,100.0,44.0,4.0,52.0,7.651827668962481,6.276196550787583,3.80962704189405
1539104,JUJUTSU KAISEN: Execution,2025-11-07,44457030,0,6.0,100,25.7233,88,ja,"Animation, Action, Fantasy",XeoQg5PVOLI,https://www.youtube.com/watch?v=XeoQg5PVOLI,702865,12482,559,0.017759,1539104.0,0.1768,0.3319,100.0,46.0,9.0,45.0,7.647940445819216,5.8468719176439565,4.096284178244864
1408208,Exit 8,2025-08-28,43891675,1400000,6.858,507,20.0529,95,ja,"Horror, Mystery",zzEDWwhtAHc,https://www.youtube.com/watch?v=zzEDWwhtAHc,245302,4679,238,0.019074,1408208.0,0.0781,0.348,200.0,32.0,18.0,50.0,7.642382154765607,5.3897010891172,3.67015304519218
1408208,Exit 8,2025-08-28,43891675,1400000,6.858,507,20.0529,95,ja,"Horror, Mystery",zzEDWwhtAHc,https://www.youtube.com/watch?v=zzEDWwhtAHc,245302,4679,238,0.019074,1408208.0,0.0781,0.348,200.0,32.0,18.0,50.0,7.642382154765607,5.3897010891172,3.67015304519218
1233575,Black Bag,2025-03-12,43887905,50000000,6.365,1258,6.9957,94,en,"Drama, Mystery, Thriller",n_56L6WzLT8,https://www.youtube.com/watch?v=n_56L6WzLT8,4185925,1849,128,0.000442,1233575.0,0.1081,0.4847,85.0,41.1765,32.9412,25.8824,7.642344850185253,6.621791442737035,3.266936911159173
701387,Bugonia,2025-10-23,43500000,55000000,7.315,2014,9.1046,119,en,"Science Fiction, Thriller, Comedy",7VBigr-JHB0,https://www.youtube.com/watch?v=7VBigr-JHB0,4433321,7029,469,0.001585,701387.0,0.1629,0.4422,100.0,49.0,16.0,35.0,7.638489256954637,6.646729178058086,3.846893543316625
1007734,Nobody 2,2025-08-13,43285109,25000000,6.931,1615,10.7916,89,en,"Action, Thriller, Comedy",UGOvEad8qd4,https://www.youtube.com/watch?v=UGOvEad8qd4,5316876,8681,411,0.001633,1007734.0,0.1753,0.2739,100.0,45.0,4.0,51.0,7.636338515489416,6.725656531831251,3.938569756221061
1246049,Dracula,2025-07-30,42404858,52000000,7.2,1289,40.0453,130,fr,"Horror, Fantasy, Romance",hverb7siYJ8,https://www.youtube.com/watch?v=hverb7siYJ8,1928922,4967,611,0.002575,1246049.0,0.3102,0.4244,100.0,64.0,7.0,29.0,7.627415613237462,6.2853146663922095,3.6960941599952233
1266127,Ready or Not: Here I Come,2026-03-19,42212563,14000000,7.702,1104,29.3275,108,en,"Thriller, Horror, Comedy",jczr0KCloXk,https://www.youtube.com/watch?v=jczr0KCloXk,1130757,16899,782,0.014945,1266127.0,0.2234,0.3823,100.0,62.0,4.0,34.0,7.6254417218053145,6.053369284945008,4.227861005955013
1315303,Primate,2026-01-01,41235665,21000000,6.523,698,11.2677,89,en,Horror,wo87F-va410,https://www.youtube.com/watch?v=wo87F-va410,17784263,47272,5321,0.002658,1315303.0,0.0318,0.401,100.0,35.0,19.0,46.0,7.615273002743013,7.250035872239527,4.67460397697161
639988,No Other Choice,2025-09-24,40223568,12200000,7.5,1115,9.1257,139,ko,"Comedy, Crime, Thriller",SK_DEabMNVg,https://www.youtube.com/watch?v=SK_DEabMNVg,120454,1346,42,0.011174,639988.0,0.0888,0.2891,36.0,36.1111,11.1111,52.7778,7.604480591720272,5.080821226493627,3.1290450598879582
1151031,Bring Her Back,2025-05-19,39410222,15000000,7.346,1721,9.2954,104,en,Horror,1I15ttCedfY,https://www.youtube.com/watch?v=1I15ttCedfY,12393733,18637,924,0.001504,1151031.0,0.1901,0.5164,100.0,60.0,13.0,27.0,7.5956088812777685,7.09320213584499,4.270376005212022
1071585,M3GAN 2.0,2025-06-25,39173710,15000000,7.2,1373,9.7468,120,en,"Action, Science Fiction, Thriller",1FeiTZMtwLA,https://www.youtube.com/watch?v=1FeiTZMtwLA,3828723,56480,4260,0.014752,1071585.0,0.2072,0.3757,100.0,59.0,7.0,34.0,7.592994703950941,6.583053947198278,4.751894688043747
1214931,Nuremberg,2025-11-06,37009109,11800000,7.6,1134,10.6437,149,en,"History, Drama",YWlCCVnZ4bo,https://www.youtube.com/watch?v=YWlCCVnZ4bo,1307800,2721,497,0.002081,1214931.0,0.1924,0.3429,100.0,45.0,5.0,50.0,7.568308629514421,6.1165413330267455,3.4347285417797577
1084199,Companion,2025-01-22,36869122,10000000,7.0,2346,10.0238,97,en,"Horror, Science Fiction, Thriller",Qr_kX0D3DNA,https://www.youtube.com/watch?v=Qr_kX0D3DNA,20606822,58568,3033,0.002842,1084199.0,0.2045,0.4848,100.0,64.0,11.0,25.0,7.566662795455443,7.314011019712991,4.767660393845373
1241436,Warfare,2025-04-09,34902602,20000000,7.082,1476,9.4845,95,en,"War, Action",JER0Fkyy3tw,https://www.youtube.com/watch?v=JER0Fkyy3tw,25517525,183450,12722,0.007189,1241436.0,0.1856,0.4395,100.0,60.0,12.0,28.0,7.542857804956849,7.406838548929672,5.263517716091966
1242419,Roofman,2025-10-06,34852212,18000000,7.085,842,6.9208,126,en,"Crime, Comedy, Drama",IHikM7vFXsA,https://www.youtube.com/watch?v=IHikM7vFXsA,616133,4722,245,0.007664,1242419.0,0.1689,0.3421,100.0,45.0,4.0,51.0,7.542230347108569,5.789674470169961,3.674125982742708
1242011,Together,2025-07-14,34747399,17000000,6.925,1187,10.2378,102,en,"Horror, Romance",9bqIwMH3En8,https://www.youtube.com/watch?v=9bqIwMH3En8,1682876,6514,443,0.003871,1242011.0,0.2023,0.4218,100.0,57.0,10.0,33.0,7.540922301236227,6.226052116867253,3.8138477542288545
1195506,Novocaine,2025-03-03,34536061,18000000,6.783,1623,6.6354,110,en,"Action, Comedy, Thriller",99BLnkAlC1M,https://www.youtube.com/watch?v=99BLnkAlC1M,4131617,8791,360,0.002128,1195506.0,0.2002,0.3697,100.0,41.0,8.0,51.0,7.538272802730097,6.616120055709168,3.9440382800544183
1290190,Lokah Chapter 1: Chandra,2025-08-28,34242894,3379386,7.17,56,9.6697,151,ml,"Action, Adventure, Fantasy",64XHtNWTB5o,https://www.youtube.com/watch?v=64XHtNWTB5o,16087459,198545,6416,0.012342,1290190.0,0.1496,0.2555,100.0,36.0,2.0,62.0,7.534570461470027,7.206487453084381,5.297858954609413
365177,Borderlands,2024-08-07,33017367,115000000,5.59,1503,7.6632,101,en,"Action, Science Fiction, Comedy",Icnysn53neU,https://www.youtube.com/watch?v=Icnysn53neU,2168780,11074,3737,0.005106,365177.0,0.0133,0.3814,100.0,32.0,23.0,45.0,7.518742437098663,6.336215499625137,4.044304519175914
1368314,Passenger,2026-05-20,31002808,15000000,6.216,74,13.9105,94,en,"Horror, Thriller",eNIn8kW1kyE,https://www.youtube.com/watch?v=eNIn8kW1kyE,11965793,47562,2158,0.003975,1368314.0,0.1005,0.3809,100.0,38.0,20.0,42.0,7.49140103072708,7.077941485574777,4.677260108577043
1280738,The Furious,2026-06-10,30832853,20000000,7.7,62,159.8737,113,zh,"Action, Crime",Avky8dVaqAI,https://www.youtube.com/watch?v=Avky8dVaqAI,8741840,112726,7102,0.012895,1280738.0,0.1821,0.3704,100.0,46.0,13.0,41.0,7.489013712362905,6.9416028534287415,5.052024096651534
1515899,Billie Eilish - Hit Me Hard and Soft: The Tour (Live in 3D),2026-05-06,26721893,20000000,7.5,23,8.0719,114,en,"Music, Documentary",9ElURjcuWLQ,https://www.youtube.com/watch?v=9ElURjcuWLQ,271030,6074,259,0.022411,1515899.0,0.1643,0.3157,100.0,40.0,8.0,52.0,7.426867220657316,5.433017365093436,3.7834747875822465
1291335,Solo Mio,2026-02-05,26400616,4000000,7.152,168,8.4655,96,en,"Romance, Comedy",433MYSlERJo,https://www.youtube.com/watch?v=433MYSlERJo,11352716,23970,1619,0.002111,1291335.0,0.2491,0.4454,100.0,56.0,6.0,38.0,7.421614060289519,7.055099773661811,4.379668034033654
957452,The Crow,2024-08-21,24109036,50000000,5.791,1288,6.5213,111,en,"Action, Fantasy, Horror",4CLE3pWAAr8,https://www.youtube.com/watch?v=4CLE3pWAAr8,1257842,659,55,0.000524,957452.0,0.1544,0.2953,32.0,43.75,6.25,50.0,7.382179845456238,6.099626091953754,2.8188854145940097
1159831,The Bride!,2026-03-04,23944025,80000000,6.2,538,13.4484,127,en,"Science Fiction, Horror, Fantasy",-oLJmEFK14k,https://www.youtube.com/watch?v=-oLJmEFK14k,10731,191,16,0.017799,1159831.0,0.1222,0.4646,13.0,38.4615,15.3846,46.1538,7.3791971572800295,4.030640194868632,2.2810333672477277
1122573,In the Grey,2026-05-13,23738074,70000000,6.644,268,113.3439,97,en,"Action, Thriller",nufP15iN4GE,https://www.youtube.com/watch?v=nufP15iN4GE,11541624,58587,2361,0.005076,1122573.0,0.1952,0.3067,100.0,41.0,4.0,55.0,7.375445479357235,7.062266921871357,4.767801260137525
1430077,Hokum,2026-04-29,23563104,5000000,6.9,385,82.1698,107,en,Horror,qU_i5e48KzQ,https://www.youtube.com/watch?v=qU_i5e48KzQ,1081928,5832,319,0.00539,1430077.0,0.1548,0.4333,100.0,47.0,17.0,36.0,7.372232500091196,6.034198360361009,3.765817515309918
799766,Better Man,2024-12-06,22549151,110000000,7.6,861,6.9173,135,en,"Music, Drama",KVeH5T4wxkE,https://www.youtube.com/watch?v=KVeH5T4wxkE,10311963,22154,3287,0.002148,799766.0,0.3403,0.4985,100.0,72.0,6.0,22.0,7.3531301948633665,7.013341346071039,4.345452151375825
1124566,Sentimental Value,2025-08-20,22000000,7800000,7.5,946,7.8966,133,no,Drama,zBFstFXdk90,https://www.youtube.com/watch?v=zBFstFXdk90,1211362,2256,80,0.001862,1124566.0,0.1401,0.3698,50.0,48.0,8.0,44.0,7.342422680822207,6.0832739458757725,3.3533390953113047
1455079,"You, Me & Tuscany",2026-04-09,21739390,18000000,7.459,86,6.5027,105,en,"Romance, Comedy",uYTMroh8pjI,https://www.youtube.com/watch?v=uYTMroh8pjI,3850373,489,34,0.000127,1455079.0,0.1649,0.3185,23.0,47.8261,4.3478,47.8261,7.3372473537635825,6.585502803273466,2.6893088591236203
1480387,undertone,2026-03-12,21602976,500000,6.1,275,25.4442,94,en,"Horror, Mystery",1fCZhJMkBaY,https://www.youtube.com/watch?v=1fCZhJMkBaY,266425,379,18,0.001423,1480387.0,-0.1159,0.4068,11.0,9.0909,36.3636,54.5455,7.334513583157883,5.425574974449582,2.578639209968072
467905,How to Make a Killing,2026-02-16,21336094,15000000,7.016,483,16.3954,105,en,"Comedy, Thriller",B7RslMKZ2Yc,https://www.youtube.com/watch?v=B7RslMKZ2Yc,133761,499,31,0.003731,467905.0,0.2089,0.4624,19.0,52.6316,10.5263,36.8421,7.3291149160484945,5.126329506901599,2.6981005456233897
1336770,Vaazha II,2026-04-02,21181760,1079884,7.318,11,8.418,162,ml,"Comedy, Drama",PYI_dy23AuY,https://www.youtube.com/watch?v=PYI_dy23AuY,2196628,17731,536,0.008072,1336770.0,0.1182,0.1935,100.0,30.0,1.0,69.0,7.325962042954274,6.341756515169751,4.248733229804805
1022453,The Rajasaab,2026-01-08,21000000,50000000,5.226,31,9.071,186,te,"Comedy, Horror, Fantasy, Action",YFZMBqyXkqQ,https://www.youtube.com/watch?v=YFZMBqyXkqQ,15072812,402267,9983,0.026688,1022453.0,0.0923,0.1655,100.0,22.0,1.0,77.0,7.3222192947339195,7.178194282318512,5.6045144066559285
1213898,Border 2,2026-01-23,21000000,33000000,7.111,27,21.5066,201,hi,"Action, Drama, War",nvmc2ECk8Lo,https://www.youtube.com/watch?v=nvmc2ECk8Lo,64834412,695118,40075,0.010721,1213898.0,0.0548,0.1353,100.0,16.0,2.0,82.0,7.3222192947339195,7.811805576470355,5.842058534660493
1239134,Bhooth Bangla,2026-04-16,20000000,14000000,5.6,40,275.9877,163,hi,"Horror, Comedy",XW1RkKiRnsg,https://www.youtube.com/watch?v=XW1RkKiRnsg,56050871,434615,20387,0.007754,1239134.0,0.151,0.279,100.0,41.0,5.0,54.0,7.301029995663981,7.748582365683082,5.638104711181032
1292695,They Will Kill You,2026-03-25,19382152,20000000,7.023,820,35.8095,94,en,"Horror, Comedy, Action",s0PGrtw0X1Q,https://www.youtube.com/watch?v=s0PGrtw0X1Q,10349132,3488,288,0.000337,1292695.0,0.2185,0.3806,100.0,53.0,5.0,42.0,7.2874019951006455,7.0149039262742585,3.5425764762605296
823219,Flow,2024-08-29,17660107,3700000,8.083,2873,15.6946,85,lv,"Adventure, Animation, Family, Fantasy",shsVQvHUTxw,https://www.youtube.com/watch?v=shsVQvHUTxw,272488,4186,148,0.015362,823219.0,0.2493,0.4247,100.0,56.0,9.0,35.0,7.246993330576136,5.435347381296935,3.6217992240026677
1153714,Death of a Unicorn,2025-03-17,16423085,15000000,6.4,839,6.7981,107,en,"Horror, Fantasy, Comedy",aQOle3MHnGs,https://www.youtube.com/watch?v=aQOle3MHnGs,252047,355,21,0.001408,1153714.0,-0.0033,0.2981,15.0,40.0,13.3333,46.6667,7.215454740641603,5.401481532596628,2.550228353055094
1247165,Raja Shivaji,2026-05-01,15600000,9000000,9.0,1,14.7605,195,mr,"Action, History, Drama",3CXt4GtjLmc,https://www.youtube.com/watch?v=3CXt4GtjLmc,21030683,124781,5390,0.005933,1247165.0,0.0936,0.123,100.0,17.0,0.0,83.0,7.193124598354461,7.322853377218631,5.096148461761901
1317149,I Swear,2025-09-22,15564405,3730000,8.23,363,11.6736,121,en,"Drama, History",10ynpduiRpM,https://www.youtube.com/watch?v=10ynpduiRpM,496116,386,26,0.000778,1317149.0,0.199,0.3421,18.0,44.4444,5.5556,50.0,7.1921325230168724,5.695583233485811,2.586587304671755
1110034,Kraken,2026-02-06,14329678,1000000,6.416,172,31.4333,94,no,"Horror, Action, Thriller",EUTatY1-oBI,https://www.youtube.com/watch?v=EUTatY1-oBI,651293,3389,236,0.005203,1110034.0,0.1183,0.2619,100.0,36.0,4.0,60.0,7.15623643154219,5.813776410466866,3.530071568837378
1268127,Humint,2026-02-11,13207600,16000000,7.484,152,13.0787,120,ko,"Thriller, Action, Drama",n6scQ_ds0x8,https://www.youtube.com/watch?v=n6scQ_ds0x8,460682,3584,156,0.00778,1268127.0,0.1729,0.3053,100.0,44.0,4.0,52.0,7.120823907587921,5.663401243610628,3.5543680009900878
1244492,Look Back,2024-06-28,12648664,0,8.126,575,8.005,58,ja,"Animation, Drama",X2aE3DtSO98,https://www.youtube.com/watch?v=X2aE3DtSO98,375225,4744,120,0.012643,1244492.0,0.1423,0.4141,79.0,45.5696,11.3924,43.038,7.102044656099257,5.574291766275109,3.6761446803562063
1194963,Noise,2025-06-25,12199988,0,6.821,84,7.0425,95,ko,"Horror, Thriller",lptFuq1LG7g,https://www.youtube.com/watch?v=lptFuq1LG7g,58189,32,2,0.00055,1194963.0,0.4375,0.3,2.0,50.0,0.0,50.0,7.086359403499638,4.764840893742412,1.505149978319906
1033148,Die My Love,2025-10-06,11745933,0,6.1,555,7.2151,119,en,Drama,2jzXHW6Qe70,https://www.youtube.com/watch?v=2jzXHW6Qe70,12274913,20744,982,0.00169,1033148.0,0.2202,0.4444,100.0,58.0,10.0,32.0,7.069887519253978,7.089018422688788,4.316892503761295
1404791,Dollhouse,2025-06-13,11547839,0,7.639,101,15.0444,110,ja,"Horror, Mystery",BETzErclqok,https://www.youtube.com/watch?v=BETzErclqok,2553047,14660,1087,0.005742,1404791.0,0.0,0.0,100.0,0.0,0.0,100.0,7.062500720316147,6.407058809967887,4.1661339703051095
1318413,Pressure,2026-05-25,11301450,80000000,7.6,88,58.6223,101,en,"Thriller, History, War",EBh1LGRwiis,https://www.youtube.com/watch?v=EBh1LGRwiis,44414,74,5,0.001666,1318413.0,-0.04,0.175,5.0,0.0,20.0,80.0,7.0531341679612405,4.6475198882310655,1.8692317197309762
1151272,Sirāt,2025-06-06,10445082,7000000,6.86,685,6.7275,115,es,"Drama, Thriller",3_9OkHX8ZiA,https://www.youtube.com/watch?v=3_9OkHX8ZiA,496809,5958,257,0.011993,1151272.0,0.2013,0.3581,100.0,41.0,8.0,51.0,7.018911853795286,5.696189454750917,3.775100498879025
1440050,The Breadwinner,2026-05-29,10437968,25000000,5.857,7,6.539,100,en,"Comedy, Family",m76VzoDfQWQ,https://www.youtube.com/watch?v=m76VzoDfQWQ,12861504,2526,373,0.000196,1440050.0,0.1306,0.3711,100.0,39.0,11.0,50.0,7.018615961091513,7.109291757134746,3.402433346219312
1223601,Sisu: Road to Revenge,2025-10-21,9811703,12200000,7.311,803,13.589,89,fi,"Action, War, Thriller",VmStqCXIgio,https://www.youtube.com/watch?v=VmStqCXIgio,4299009,73211,4740,0.01703,1223601.0,0.1822,0.3696,100.0,49.0,10.0,41.0,6.9917443936504,6.633368354315947,4.864576338987235
1119449,"Good Luck, Have Fun, Don't Die",2026-02-13,9755038,20000000,7.034,611,21.5005,134,en,"Science Fiction, Action, Comedy",Nm4WbapDzDQ,https://www.youtube.com/watch?v=Nm4WbapDzDQ,15939398,36470,1986,0.002288,1119449.0,0.2822,0.4949,100.0,68.0,7.0,25.0,6.989228965494573,7.202471914913596,4.561935763313781
1227877,I Love Boosters,2026-05-21,9204473,20000000,5.9,48,34.3098,113,en,"Comedy, Science Fiction, Crime",I1xZegSgN8w,https://www.youtube.com/watch?v=I1xZegSgN8w,9539440,15597,949,0.001635,1227877.0,0.185,0.4542,100.0,53.0,9.0,38.0,6.9639989281204375,6.9795228807787035,4.193041072153242
1010755,The Strangers: Chapter 3,2026-02-05,9191988,8500000,5.792,216,14.2177,92,en,"Horror, Thriller",B2fZEIHamVs,https://www.youtube.com/watch?v=B2fZEIHamVs,6131999,10376,1034,0.001692,1010755.0,0.1642,0.3885,100.0,42.0,11.0,47.0,6.963409448715783,6.787602075358052,4.016029963076024
1131759,Omniscient Reader: The Prophecy,2025-07-23,9187679,0,7.082,98,6.508,120,ko,"Action, Adventure, Fantasy",iglaBnDKG2c,https://www.youtube.com/watch?v=iglaBnDKG2c,107668,909,72,0.008443,1131759.0,0.043,0.362,42.0,33.3333,23.8095,42.8571,6.963205813366263,5.0320866458379765,2.9585638832219674
1300501,Patriot,2026-05-01,7700000,15000000,7.1,10,14.5044,177,ml,"Action, Drama, Thriller",XTc2dLAgABI,https://www.youtube.com/watch?v=XTc2dLAgABI,184498,1487,32,0.00806,1300501.0,0.1456,0.25,22.0,36.3636,0.0,63.6364,6.886490725172482,5.2659916626703005,3.172310968521954
1291659,The Wizard of the Kremlin,2026-01-21,7606890,0,6.551,195,8.3735,136,fr,Drama,U7ctYp3zQVA,https://www.youtube.com/watch?v=U7ctYp3zQVA,811064,1480,317,0.001825,1291659.0,0.1026,0.2584,100.0,37.0,9.0,54.0,6.881207136152691,5.90905512517316,3.1702617153949575
1195430,Deva,2025-01-31,6705000,5882000,6.032,63,8.5035,155,hi,"Action, Thriller, Mystery, Crime",DBCy-fo9eSQ,https://www.youtube.com/watch?v=DBCy-fo9eSQ,926906,7633,319,0.008235,1195430.0,0.1965,0.3191,100.0,46.0,2.0,52.0,6.826398782187618,5.96703569342039,3.882695262381597
1357633,Solo Leveling -ReAwakening-,2024-11-26,6331827,0,7.16,272,17.5914,116,ja,"Action, Adventure, Fantasy, Animation",UdIXUDpeTXU,https://www.youtube.com/watch?v=UdIXUDpeTXU,1557105,34138,1058,0.021924,1357633.0,0.1498,0.343,100.0,41.0,7.0,52.0,6.801529040433565,6.192317899262446,4.533238074060297
1242332,Normal,2026-04-16,5978949,10000000,6.435,178,16.5596,91,en,"Action, Crime, Thriller",5OndK0w1lYY,https://www.youtube.com/watch?v=5OndK0w1lYY,6009540,20080,1297,0.003341,1242332.0,0.2057,0.483,100.0,65.0,8.0,27.0,6.776624848935614,6.778841230221145,4.302763708472981
1160018,Kill,2024-07-03,5600000,4800000,7.128,500,7.5625,105,hi,"Action, Crime, Thriller, Drama",da7lKeeS67c,https://www.youtube.com/watch?v=da7lKeeS67c,6975619,76239,2779,0.010929,1160018.0,0.2056,0.3515,100.0,54.0,5.0,41.0,6.748188027006201,6.84358275192504,4.882177191180505
1284120,The Ugly Stepsister,2025-03-07,5325096,4250000,7.324,1198,8.1996,109,no,"Horror, Comedy, Drama",5vZ1_Yxjwzs,https://www.youtube.com/watch?v=5vZ1_Yxjwzs,917459,4147,238,0.00452,1284120.0,0.1621,0.3975,100.0,45.0,10.0,45.0,6.726327441574521,5.9625866653256345,3.617734035364018
1193501,Whistle,2026-01-20,4987632,2000000,6.323,485,14.9741,100,en,"Horror, Mystery",-O5DgGQJeks,https://www.youtube.com/watch?v=-O5DgGQJeks,2298448,2189,178,0.000952,1193501.0,0.0121,0.3613,100.0,26.0,23.0,51.0,6.697894402652301,6.3614346827356565,3.3402457615679317
1380316,Is God Is,2026-05-14,4857896,14800000,6.2,48,7.5171,100,en,"Drama, Thriller",pgtdkuNFoKk,https://www.youtube.com/watch?v=pgtdkuNFoKk,14178699,15174,1102,0.00107,1380316.0,0.2626,0.4315,100.0,58.0,8.0,34.0,6.686448212999045,7.151636382959714,4.181100079728048
1029281,Strange Darling,2024-08-14,4853595,4000000,6.9,939,6.4896,97,en,"Horror, Thriller",F_F3f_Fqtrc,https://www.youtube.com/watch?v=F_F3f_Fqtrc,794305,370,43,0.000466,1029281.0,0.2246,0.5504,25.0,56.0,12.0,32.0,6.686063534541578,5.899987296359758,2.568201724066995
324544,In the Lost Lands,2025-02-27,4755330,55000000,6.368,826,6.9917,101,en,"Action, Fantasy, Western",CMyrp5Vk3mU,https://www.youtube.com/watch?v=CMyrp5Vk3mU,3902993,14115,1645,0.003616,324544.0,0.1241,0.43,100.0,41.0,18.0,41.0,6.6771806605386494,6.591397772376791,4.149680882482938
1564614,Leviticus,2026-06-17,4654180,3500000,7.1,19,45.9813,88,en,"Horror, Romance",WXuK0vlFxII,https://www.youtube.com/watch?v=WXuK0vlFxII,3372861,19080,1571,0.005657,1564614.0,0.1613,0.4368,100.0,51.0,11.0,38.0,6.667843175576206,6.527998443716071,4.280578370368076
696393,Cold Storage,2026-01-22,4048606,10000000,6.778,533,8.9494,99,en,"Horror, Science Fiction, Comedy",kea7gnh1uYA,https://www.youtube.com/watch?v=kea7gnh1uYA,3234174,68849,2880,0.021288,696393.0,0.1511,0.3595,100.0,41.0,14.0,45.0,6.60730551439457,6.509763381435268,4.837897636711522
812583,Wake Up Dead Man: A Knives Out Mystery,2025-11-26,4000000,210000000,7.206,2563,9.9987,145,en,"Thriller, Mystery, Comedy",0hc8yz5-d5Y,https://www.youtube.com/watch?v=0hc8yz5-d5Y,6421535,72524,2761,0.011294,812583.0,0.2548,0.4578,100.0,65.0,7.0,28.0,6.6020599913279625,6.807638853979524,4.860481749229599
1198984,We Bury the Dead,2026-01-01,3745163,0,6.062,266,9.6822,95,en,"Horror, Thriller",YmPyNvrzF0A,https://www.youtube.com/watch?v=YmPyNvrzF0A,70894,128,14,0.001806,1198984.0,0.157,0.4336,8.0,37.5,12.5,50.0,6.573470724160996,4.850609480921349,2.1072099696478683
1598785,Milky☆Subway: The Galactic Limited Express - the Movie,2026-02-06,3700000,0,9.3,26,22.5773,46,ja,"Animation, Action, Adventure, Comedy, Science Fiction",5aYkjZYbWX8,https://www.youtube.com/watch?v=5aYkjZYbWX8,123875,9339,363,0.075391,1598785.0,0.2323,0.4826,100.0,59.0,10.0,31.0,6.568201724066995,5.092983667493332,3.9703003754021777
1557848,The Sleeper,2025-10-29,3700000,0,6.0,5,6.6616,123,tr,"Action, Thriller, Drama",hvHw1VbVQkM,https://www.youtube.com/watch?v=hvHw1VbVQkM,25062,116,13,0.004629,1557848.0,0.0065,0.0238,7.0,0.0,0.0,100.0,6.568201724066995,4.3990157256487645,2.0644579892269186
1511417,Bāhubali: The Epic,2025-10-29,3500000,65000000,6.2,39,10.2689,224,te,"Action, Drama",q8nbZbHRcEg,https://www.youtube.com/watch?v=q8nbZbHRcEg,2405621,15297,642,0.006359,1511417.0,0.1414,0.2755,100.0,39.0,6.0,55.0,6.544068044350276,6.381227206306425,4.184606266687136
1367220,Karuppu,2026-05-14,3345079,16000000,6.7,18,162.1811,152,ta,"Action, Fantasy",vH0Q5t_JUng,https://www.youtube.com/watch?v=vH0Q5t_JUng,10456538,100228,1695,0.009585,1367220.0,0.1095,0.1557,100.0,26.0,0.0,74.0,6.524406378862865,7.019387920060282,5.000989064313397
1035048,Elevation,2024-11-07,3300000,18000000,6.417,996,7.0779,91,en,"Action, Science Fiction, Thriller",N7pZthBBLOA,https://www.youtube.com/watch?v=N7pZthBBLOA,175963,91,5,0.000517,1035048.0,0.2917,0.25,4.0,50.0,0.0,50.0,6.518513939877887,5.245421357671382,1.9590413923210936
1284465,The Death of Robin Hood,2026-06-18,3200000,25000000,6.464,28,24.6701,123,en,"Drama, Thriller, Action",tlSDDuWxO_0,https://www.youtube.com/watch?v=tlSDDuWxO_0,9792273,74459,5663,0.007604,1284465.0,0.1281,0.3307,100.0,46.0,8.0,46.0,6.505149978319906,6.990883512720281,4.871917199255484
1102883,Mother Mary,2026-04-16,2980376,20000000,5.7,89,8.1347,112,en,"Music, Drama, Thriller",aqYHOsuje1E,https://www.youtube.com/watch?v=aqYHOsuje1E,401204,4913,324,0.012246,1102883.0,0.0728,0.2806,100.0,27.0,16.0,57.0,6.47427105750721,5.60336525428175,3.691346764134822
1242265,Fuze,2026-03-23,2890908,45000000,6.4,135,13.839,96,en,"Action, Crime, Drama, Thriller",1aNywiElPSY,https://www.youtube.com/watch?v=1aNywiElPSY,164953,362,19,0.002195,1242265.0,0.1343,0.3261,14.0,42.8571,14.2857,42.8571,6.461034270941466,5.217360218466376,2.558708570533166
1119090,I Am Frankelda,2025-10-23,2709440,0,8.3,94,7.4427,104,es,"Animation, Fantasy, Horror, Adventure, Family",diRwnGRr-Ko,https://www.youtube.com/watch?v=diRwnGRr-Ko,557431,29178,1195,0.052344,1119090.0,0.2918,0.5138,100.0,70.0,6.0,24.0,6.43287953809156,5.74619111714832,4.465055519951821
855435,Faces of Death,2026-04-10,2610000,7400000,5.5,90,9.0237,97,en,Horror,bKiX2FBBz54,https://www.youtube.com/watch?v=bKiX2FBBz54,87963,1084,122,0.012323,855435.0,0.0725,0.3473,80.0,32.5,20.0,47.5,6.416640507338281,4.944300032662694,3.0350292822023683
1642859,Iron Maiden: Burning Ambition,2026-05-07,2547000,0,7.278,18,11.6774,105,en,"Documentary, Music",pD_H2u79tp0,https://www.youtube.com/watch?v=pD_H2u79tp0,212788,4420,212,0.020772,1642859.0,0.2427,0.3892,100.0,58.0,6.0,36.0,6.406028944963615,5.327947132642136,3.645422269349092
1107166,Psycho Killer,2026-02-19,2376805,10000000,6.2,104,7.3827,91,en,"Crime, Horror, Mystery",pwq8gwdVxts,https://www.youtube.com/watch?v=pwq8gwdVxts,1345048,19446,1286,0.014457,1107166.0,0.2411,0.5332,100.0,63.0,9.0,28.0,6.375993552406397,6.128737783047099,4.288830281415853
1127384,Deep Water,2026-04-30,2286163,0,6.164,61,246.8139,107,en,"Thriller, Horror",f0ptq0Lzdh8,https://www.youtube.com/watch?v=f0ptq0Lzdh8,16746786,5104,640,0.000305,1127384.0,0.2205,0.3565,100.0,51.0,5.0,44.0,6.3591071917096915,7.223931470692411,3.707910665713106
1252309,Tell Me What You Want,2024-11-29,2265661,0,6.131,293,14.725,114,es,"Romance, Drama",MzNbhA4WFqg,https://www.youtube.com/watch?v=MzNbhA4WFqg,120349,189,3,0.00157,1252309.0,0.2,0.3333,3.0,33.3333,0.0,66.6667,6.355194928985823,5.080442486000445,2.2764618041732443
1390300,Over Your Dead Body,2026-03-14,2055131,0,6.554,327,46.5182,105,en,"Action, Comedy, Thriller",pGxKTIegUZ4,https://www.youtube.com/watch?v=pGxKTIegUZ4,3862895,6761,610,0.00175,1390300.0,0.267,0.4264,100.0,59.0,6.0,35.0,6.3128395102820845,6.586912903448898,3.830010935936118
1383731,Protector,2026-02-20,1969113,0,8.54,354,23.5234,90,en,"Action, Thriller",IRKGIuL3728,https://www.youtube.com/watch?v=IRKGIuL3728,157371,133,11,0.000845,1383731.0,-0.0024,0.2176,7.0,28.5714,14.2857,57.1429,6.294270639382559,5.1969247045138225,2.123851640967086
1397485,Girls Like Girls,2026-06-18,1913765,0,6.7,10,19.7281,95,en,"Romance, Drama",ZC1kEknG2ro,https://www.youtube.com/watch?v=ZC1kEknG2ro,9319276,55575,2465,0.005963,1397485.0,0.1589,0.4123,100.0,53.0,10.0,37.0,6.281888607699367,6.969382174004374,4.7448794713710285
1216191,Oddity,2024-07-19,1850519,0,6.675,799,7.4453,98,en,"Horror, Mystery",ktIqbb0TS7s,https://www.youtube.com/watch?v=ktIqbb0TS7s,278332,224,28,0.000805,1216191.0,0.3978,0.4407,23.0,78.2609,0.0,21.7391,6.267293548524778,5.444563140306348,2.3502480183341627
1406657,Scarlet,2025-11-21,1730000,0,7.276,105,7.671,112,ja,"Animation, Action, Drama, Science Fiction",J_jm2YZ8pYU,https://www.youtube.com/watch?v=J_jm2YZ8pYU,833597,940,63,0.001128,1406657.0,0.0363,0.3191,36.0,27.7778,19.4444,52.7778,6.238046103128795,5.920956142992649,2.9731278535996988
1359607,Miss Kobayashi's Dragon Maid: A lonely dragon wants to be loved,2025-06-27,1332039,0,8.679,53,7.4953,105,ja,"Animation, Comedy, Fantasy",RgJW1y1_ig0,https://www.youtube.com/watch?v=RgJW1y1_ig0,159282,5683,339,0.035679,1359607.0,0.1109,0.2935,100.0,37.0,4.0,59.0,6.124516940477556,5.202166700205633,3.7545776560447304
1125899,Cleaner,2025-02-19,1314073,0,6.371,540,7.3403,97,en,"Action, Thriller",c8sf0c-cjzQ,https://www.youtube.com/watch?v=c8sf0c-cjzQ,1472827,2045,460,0.001388,1125899.0,0.0469,0.3319,100.0,27.0,22.0,51.0,6.118619492024796,6.168151737095314,3.3106933123433606
1307373,Wasteman,2026-02-20,1200343,0,7.202,57,8.5844,91,en,"Crime, Drama, Thriller",uaOextY7REM,https://www.youtube.com/watch?v=uaOextY7REM,773142,12981,481,0.01679,1307373.0,0.1759,0.4722,100.0,49.0,16.0,35.0,6.079305364149335,5.888259266431592,4.113308149918387
1235746,Dead of Winter,2025-09-23,1030111,0,6.384,374,8.0078,98,en,"Thriller, Action",klGRM4Qs-gk,https://www.youtube.com/watch?v=klGRM4Qs-gk,1644363,12857,872,0.007819,1235746.0,0.3493,0.4807,100.0,65.0,6.0,29.0,6.01288402479268,6.215997696108426,4.109139643904016
1673393,Krishnavataram Part 1: The Heart (Hridayam),2026-05-07,1000000,16000000,9.0,6,7.7786,149,hi,"Adventure, Romance, Drama",KIwC1m7etLE,https://www.youtube.com/watch?v=KIwC1m7etLE,13585218,211483,14280,0.015567,1673393.0,0.252,0.4039,100.0,53.0,0.0,47.0,6.0,7.133066611869657,5.325275462477374
